﻿<?xml version="1.0" encoding="utf-8"?>
<Deployment xmlns="http://schemas.microsoft.com/windowsphone/2012/deployment" AppPlatformVersion="8.0">
  <DefaultLanguage xmlns="" code="en-US" />
  <App xmlns="" ProductID="{6130c787-399b-42c9-970e-130e2bfd869c}" Title="DRPApp2" RuntimeType="Silverlight" Version="1.0.0.0" Genre="apps.normal" Author="DRPApp2 author" Description="Sample description" Publisher="DRPApp2" PublisherID="{69e14a97-2609-4d63-b2c2-3b1dc537ded5}">
    <IconPath IsRelative="true" IsResource="false">Assets\icon100by100.png</IconPath>
    <Capabilities>
      <Capability Name="ID_CAP_NETWORKING" />
      <Capability Name="ID_CAP_MEDIALIB_AUDIO" />
      <Capability Name="ID_CAP_MEDIALIB_PLAYBACK" />
      <Capability Name="ID_CAP_SENSORS" />
      <Capability Name="ID_CAP_WEBBROWSERCOMPONENT" />
      <Capability Name="ID_CAP_LOCATION" />
      <Capability Name="ID_CAP_MAP" />
      <Capability Name="ID_CAP_PHONEDIALER" />
      <Capability Name="ID_CAP_MICROPHONE" />
    </Capabilities>
    <Tasks>
      <DefaultTask Name="_default" NavigationPage="LoginPage.xaml" />
    </Tasks>
    <Tokens>
      <PrimaryToken TokenID="DRPApp2Token" TaskName="_default">
        <TemplateFlip>
          <SmallImageURI IsRelative="true" IsResource="false">Assets\Tiles\FlipCycleTileSmall.png</SmallImageURI>
          <Count>0</Count>
          <BackgroundImageURI IsRelative="true" IsResource="false">Assets\Tiles\FlipCycleTileMedium.png</BackgroundImageURI>
          <Title>DRPApp2</Title>
          <BackContent>
          </BackContent>
          <BackBackgroundImageURI>
          </BackBackgroundImageURI>
          <BackTitle>
          </BackTitle>
          <DeviceLockImageURI>
          </DeviceLockImageURI>
          <HasLarge>
          </HasLarge>
        </TemplateFlip>
      </PrimaryToken>
    </Tokens>
    <ScreenResolutions>
      <ScreenResolution Name="ID_RESOLUTION_WVGA" />
      <ScreenResolution Name="ID_RESOLUTION_WXGA" />
      <ScreenResolution Name="ID_RESOLUTION_HD720P" />
    </ScreenResolutions>
  </App>
</Deployment>